Taxon Name,NCBI ID,no rank,superkingdom,phylum,kingdom,clade,class,Error,subkingdom,genus,family,order,superphylum,subphylum
Actinobacteria,201174,cellular organisms,Bacteria,Actinomycetota,Bacillati,,,,,,,,,
Bacteroidetes,976,cellular organisms,Bacteria,Bacteroidota,Pseudomonadati,FCB group,,,,,,,,
Cyanobacteria,1117,cellular organisms,Bacteria,Cyanobacteriota,Bacillati,Cyanobacteriota/Melainabacteria group,,,,,,,,
Firmicutes,1783272,cellular organisms,Bacteria,,Bacillati,,,,,,,,,
Proteobacteria,1224,cellular organisms,Bacteria,Pseudomonadota,Pseudomonadati,,,,,,,,,
Rhodothermaeota,1853220,cellular organisms,Bacteria,Rhodothermota,Pseudomonadati,FCB group,,,,,,,,
Tenericutes,544448,cellular organisms,Bacteria,Mycoplasmatota,Bacillati,,,,,,,,,
Thermodesulfobacteria,67799,cellular organisms,Bacteria,Thermodesulfobacteriota,Pseudomonadati,,Thermodesulfobacteria,,,,,,,
4572-55,,,Bacteria,,,,,'4572-55',,,,,,
AABM5-125-24,,,Bacteria,,,,,'AABM5-125-24',,,,,,
AB1-6,,,Bacteria,,,,,'AB1-6',,,,,,
ARS69,,,Bacteria,,,,,'ARS69',,,,,,
Acidobacteriota,57723,cellular organisms,Bacteria,Acidobacteriota,Pseudomonadati,,,,,,,,,
Actinobacteriota,201174,cellular organisms,Bacteria,Actinomycetota,Bacillati,,,,,,,,,
Aenigmarchaeota,,,Archaea,,,,,'Aenigmarchaeota',,,,,,
Aerophobota,,,Bacteria,,,,,'Aerophobota',,,,,,
Altiarchaeota,,,Archaea,,,,,'Altiarchaeota',,,,,,
Aquificota,200783,cellular organisms,Bacteria,Aquificota,Pseudomonadati,,,,,,,,,
Armatimonadota,67819,cellular organisms,Bacteria,Armatimonadota,Bacillati,,,,,,,,,
Asgardarchaeota,1935183,cellular organisms,Archaea,,Promethearchaeati,,,,,,,,,
BMS3Abin14,,,Bacteria,,,,,'BMS3Abin14',,,,,,
Bacteroidota,976,cellular organisms,Bacteria,Bacteroidota,Pseudomonadati,FCB group,,,,,,,,
Bdellovibrionota,3018035,cellular organisms,Bacteria,Bdellovibrionota,Pseudomonadati,,,,,,,,,
Bdellovibrionota_A,,,Bacteria,,,,,'Bdellovibrionota_A',,,,,,
Bdellovibrionota_B,,,Bacteria,,,,,'Bdellovibrionota_B',,,,,,
Binatota,2528254,cellular organisms,Bacteria,Candidatus Binatota,,Bacteria candidate phyla,,,,,,,,
Bipolaricaulota,67810,cellular organisms,Bacteria,Candidatus Bipolaricaulota,,Bacteria candidate phyla,,,,,,,,
CG03,,,Bacteria,,,,,'CG03',,,,,,
CG2-30-53-67,,,Bacteria,,,,,'CG2-30-53-67',,,,,,
CG2-30-70-394,,,Bacteria,,,,,'CG2-30-70-394',,,,,,
Caldatribacteriota,,,Bacteria,,,,,'Caldatribacteriota',,,,,,
Caldisericota,67814,cellular organisms,Bacteria,Caldisericota,Pseudomonadati,Caldisericota/Cryosericota group,,,,,,,,
Calditrichota,1930617,cellular organisms,Bacteria,Calditrichota,Pseudomonadati,,,,,,,,,
Calescibacterota,,,Bacteria,,,,,'Calescibacterota',,,,,,
Campylobacterota,29547,cellular organisms,Bacteria,Campylobacterota,Pseudomonadati,,,,,,,,,
Chloroflexota,200795,cellular organisms,Bacteria,Chloroflexota,Bacillati,,,,,,,,,
Chloroflexota_A,,,Bacteria,,,,,'Chloroflexota_A',,,,,,
Chloroflexota_B,,,Bacteria,,,,,'Chloroflexota_B',,,,,,
Chrysiogenetota,200938,cellular organisms,Bacteria,Chrysiogenota,Pseudomonadati,,,,,,,,,
Cloacimonadota,456828,cellular organisms,Bacteria,Candidatus Cloacimonadota,Pseudomonadati,FCB group,,,,,,,,
Coprothermobacterota,2138240,cellular organisms,Bacteria,Coprothermobacterota,Pseudomonadati,,,,,,,,,
Crenarchaeota,28889,cellular organisms,Archaea,Thermoproteota,Thermoproteati,,,,,,,,,
DTU030,,,Bacteria,,,,,'DTU030',,,,,,
Dadabacteria,1752716,cellular organisms,Bacteria,Thermodesulfobacteriota,Pseudomonadati,,Candidatus Dadabacteria,,,,,,,
Deferribacterota,200930,cellular organisms,Bacteria,Deferribacterota,Pseudomonadati,,,,,,,,,
Deferrisomatota,,,Bacteria,,,,,'Deferrisomatota',,,,,,
Deinococcota,1297,cellular organisms,Bacteria,Deinococcota,Thermotogati,,,,,,,,,
Delongbacteria,,,Bacteria,,,,,'Delongbacteria',,,,,,
Dependentiae,95901,cellular organisms,Bacteria,,,Bacteria candidate phyla,,,,,,,,
Desantisbacteria,1819803,cellular organisms,Bacteria,Candidatus Desantisbacteria,,Bacteria candidate phyla,,,,,,,,
Desulfobacterota,200940,cellular organisms,Bacteria,Thermodesulfobacteriota,Pseudomonadati,,,,,,,,,
Desulfobacterota_A,,,Bacteria,,,,,'Desulfobacterota_A',,,,,,
Desulfuromonadota,,,Bacteria,,,,,'Desulfuromonadota',,,,,,
Dictyoglomota,68297,cellular organisms,Bacteria,Dictyoglomota,Pseudomonadati,,,,,,,,,
Dormibacterota,,,Bacteria,,,,,'Dormibacterota',,,,,,
EX4484-52,,,Archaea,,,,,'EX4484-52',,,,,,
Edwardsbacteria,,,Bacteria,,,,,'Edwardsbacteria',,,,,,
Eisenbacteria,,,Bacteria,,,,,'Eisenbacteria',,,,,,
Elusimicrobiota,74152,cellular organisms,Bacteria,Elusimicrobiota,Pseudomonadati,,,,,,,,,
Eremiobacterota,1154676,cellular organisms,Bacteria,Vulcanimicrobiota,Bacillati,,,,,,,,,
Euryarchaeota,28890,cellular organisms,Archaea,Methanobacteriota,Methanobacteriati,,,,,,,,,
FCPU426,,,Bacteria,,,,,'FCPU426',,,,,,
FEN-1099,,,Bacteria,,,,,'FEN-1099',,,,,,
Fermentibacterota,,,Bacteria,,,,,'Fermentibacterota',,,,,,
Fibrobacterota,65842,cellular organisms,Bacteria,Fibrobacterota,Pseudomonadati,FCB group,,,,,,,,
Firestonebacteria,,,Bacteria,,,,,'Firestonebacteria',,,,,,
Firmicutes_A,,,Bacteria,,,,,'Firmicutes_A',,,,,,
Firmicutes_B,,,Bacteria,,,,,'Firmicutes_B',,,,,,
Firmicutes_C,,,Bacteria,,,,,'Firmicutes_C',,,,,,
Firmicutes_D,,,Bacteria,,,,,'Firmicutes_D',,,,,,
Firmicutes_E,,,Bacteria,,,,,'Firmicutes_E',,,,,,
Firmicutes_F,,,Bacteria,,,,,'Firmicutes_F',,,,,,
Firmicutes_G,,,Bacteria,,,,,'Firmicutes_G',,,,,,
Firmicutes_H,,,Bacteria,,,,,'Firmicutes_H',,,,,,
Firmicutes_I,,,Bacteria,,,,,'Firmicutes_I',,,,,,
Firmicutes_J,,,Bacteria,,,,,'Firmicutes_J',,,,,,
Firmicutes_K,,,Bacteria,,,,,'Firmicutes_K',,,,,,
Fusobacteriota,32066,cellular organisms,Bacteria,Fusobacteriota,Fusobacteriati,,,,,,,,,
GCA-001730085,,,Bacteria,,,,,'GCA-001730085',,,,,,
GWC2-55-46,,,Bacteria,,,,,'GWC2-55-46',,,,,,
Gemmatimonadota,142182,cellular organisms,Bacteria,Gemmatimonadota,Pseudomonadati,FCB group,,,,,,,,
Gemmatimonadota_A,,,Bacteria,,,,,'Gemmatimonadota_A',,,,,,
Goldbacteria,,,Bacteria,,,,,'Goldbacteria',,,,,,
Hadarchaeota,3055124,cellular organisms,Archaea,Candidatus Hadarchaeota,,,,,,,,,,
Halobacterota,,,Archaea,,,,,'Halobacterota',,,,,,
Huberarchaeaota,,,Archaea,,,,,'Huberarchaeaota',,,,,,
Hydrogenedentota,142187,cellular organisms,Bacteria,Candidatus Hydrogenedentota,Pseudomonadati,FCB group,,,,,,,,
Hydrothermarchaeota,,,Archaea,,,,,'Hydrothermarchaeota',,,,,,
Iainarchaeota,743725,cellular organisms,Archaea,Candidatus Iainarchaeota,Nanobdellati,,,,,,,,,
KSB1,,,Bacteria,,,,,'KSB1',,,,,,
Krumholzibacteriota,2698788,cellular organisms,Bacteria,Candidatus Krumholzibacteriota,,,,,,,,,,
Latescibacterota,74015,cellular organisms,Bacteria,Candidatus Latescibacterota,Pseudomonadati,FCB group,,,,,,,,
Lindowbacteria,,,Bacteria,,,,,'Lindowbacteria',,,,,,
MBNT15,,,Bacteria,,,,,'MBNT15',,,,,,
Margulisbacteria,,,Bacteria,,,,,'Margulisbacteria',,,,,,
Marinisomatota,,,Bacteria,,,,,'Marinisomatota',,,,,,
Methylomirabilota,640293,cellular organisms,Bacteria,Candidatus Methylomirabilota,,Bacteria candidate phyla,,,,,,,,
Micrarchaeota,1801631,cellular organisms,Archaea,Candidatus Micrarchaeota,Nanobdellati,,,,,,,,,
Moduliflexota,3071909,cellular organisms,Bacteria,Candidatus Moduliflexota,,,,,,,,,,
Muirbacteria,,,Bacteria,,,,,'Muirbacteria',,,,,,
Myxococcota,2818505,cellular organisms,Bacteria,Myxococcota,Pseudomonadati,,,,,,,,,
Nanoarchaeota,192989,cellular organisms,Archaea,Nanobdellota,Nanobdellati,,,,,,,,,
Nanohaloarchaeota,,,Archaea,,,,,'Nanohaloarchaeota',,,,,,
Nitrospinota,1293497,cellular organisms,Bacteria,Nitrospinota,Pseudomonadati,Nitrospinota/Tectimicrobiota group,,,,,,,,
Nitrospirota,40117,cellular organisms,Bacteria,Nitrospirota,Pseudomonadati,,,,,,,,,
Nitrospirota_A,,,Bacteria,,,,,'Nitrospirota_A',,,,,,
O2-12-FULL-43-9,,,Bacteria,,,,,'O2-12-FULL-43-9',,,,,,
OLB16,,,Bacteria,,,,,'OLB16',,,,,,
Omnitrophota,67812,cellular organisms,Bacteria,Candidatus Omnitrophota,Pseudomonadati,PVC group,,,,,,,,
Patescibacteria,1783273,cellular organisms,Bacteria,,,Patescibacteria group,,,,,,,,
Planctomycetota,203682,cellular organisms,Bacteria,Planctomycetota,Pseudomonadati,PVC group,,,,,,,,
Poribacteria,,,Bacteria,,,,,'Poribacteria',,,,,,
RBG-13-61-14,,,Bacteria,,,,,'RBG-13-61-14',,,,,,
RBG-13-66-14,,,Bacteria,,,,,'RBG-13-66-14',,,,,,
RUG730,,,Bacteria,,,,,'RUG730',,,,,,
Ratteibacteria,,,Bacteria,,,,,'Ratteibacteria',,,,,,
Riflebacteria,,,Bacteria,,,,,'Riflebacteria',,,,,,
SAR324,,,Bacteria,,,,,'SAR324',,,,,,
SM23-31,,,Bacteria,,,,,'SM23-31',,,,,,
SZUA-182,,,Bacteria,,,,,'SZUA-182',,,,,,
SZUA-79,,,Bacteria,,,,,'SZUA-79',,,,,,
Schekmanbacteria,,,Bacteria,,,,,'Schekmanbacteria',,,,,,
Spirochaetota,203691,cellular organisms,Bacteria,Spirochaetota,Pseudomonadati,,,,,,,,,
Sumerlaeota,200295,cellular organisms,Bacteria,Candidatus Sumerlaeota,,Bacteria candidate phyla,,,,,,,,
Synergistota,508458,cellular organisms,Bacteria,Synergistota,Thermotogati,,,,,,,,,
TA06,,,Bacteria,,,,,'TA06',,,,,,
TA06_A,,,Bacteria,,,,,'TA06_A',,,,,,
Tectomicrobia,,,Bacteria,,,,,'Tectomicrobia',,,,,,
Thermodesulfobiota,3002442,cellular organisms,Bacteria,Thermodesulfobiota,Pseudomonadati,,,,,,,,,
Thermoplasmatota,2283796,cellular organisms,Archaea,Thermoplasmatota,Methanobacteriati,,,,,,,,,
Thermosulfidibacterota,3123113,cellular organisms,Bacteria,Thermosulfidibacterota,Pseudomonadati,,,,,,,,,
Thermotogota,200918,cellular organisms,Bacteria,Thermotogota,Thermotogati,,,,,,,,,
UAP2,,,Archaea,,,,,'UAP2',,,,,,
UBA10199,,,Bacteria,,,,,'UBA10199',,,,,,
UBA2233,,,Bacteria,,,,,'UBA2233',,,,,,
UBA6262,,,Bacteria,,,,,'UBA6262',,,,,,
UBA8248,,,Bacteria,,,,,'UBA8248',,,,,,
UBA8481,,,Bacteria,,,,,'UBA8481',,,,,,
UBA9089,,,Bacteria,,,,,'UBA9089',,,,,,
UBP13,,,Bacteria,,,,,'UBP13',,,,,,
UBP14,,,Bacteria,,,,,'UBP14',,,,,,
UBP15,,,Bacteria,,,,,'UBP15',,,,,,
UBP17,,,Bacteria,,,,,'UBP17',,,,,,
UBP18,,,Bacteria,,,,,'UBP18',,,,,,
UBP3,,,Bacteria,,,,,'UBP3',,,,,,
UBP4,,,Bacteria,,,,,'UBP4',,,,,,
UBP6,,,Bacteria,,,,,'UBP6',,,,,,
UBP7,,,Bacteria,,,,,'UBP7',,,,,,
UBP7_A,,,Bacteria,,,,,'UBP7_A',,,,,,
Verrucomicrobiota,74201,cellular organisms,Bacteria,Verrucomicrobiota,Pseudomonadati,PVC group,,,,,,,,
Verrucomicrobiota_A,,,Bacteria,,,,,'Verrucomicrobiota_A',,,,,,
WOR-3,,,Bacteria,,,,,'WOR-3',,,,,,
WOR-3_A,,,Bacteria,,,,,'WOR-3_A',,,,,,
WOR-3_B,,,Bacteria,,,,,'WOR-3_B',,,,,,
Wallbacteria,,,Bacteria,,,,,'Wallbacteria',,,,,,
Zixibacteria,,,Bacteria,,,,,'Zixibacteria',,,,,,
Planctomycetes,203682,cellular organisms,Bacteria,Planctomycetota,Pseudomonadati,PVC group,,,,,,,,
Verrucomicrobia,74201,cellular organisms,Bacteria,Verrucomicrobiota,Pseudomonadati,PVC group,,,,,,,,
Chloroflexi,32061,cellular organisms,Bacteria,Chloroflexota,Bacillati,,Chloroflexia,,,,,,,
Viruses,10239,root,Viruses,,,,,,,,,,,
Acidobacteria,57723,cellular organisms,Bacteria,Acidobacteriota,Pseudomonadati,,,,,,,,,
Nitrospirae,40117,cellular organisms,Bacteria,Nitrospirota,Pseudomonadati,,,,,,,,,
Candidatus Thermoplasmatota,2283796,cellular organisms,Archaea,Thermoplasmatota,Methanobacteriati,,,,,,,,,
Spirochaetes,203691,cellular organisms,Bacteria,Spirochaetota,Pseudomonadati,,,,,,,,,
Thaumarchaeota,651137,cellular organisms,Archaea,Nitrososphaerota,Thermoproteati,,,,,,,,,
Gemmatimonadetes,142182,cellular organisms,Bacteria,Gemmatimonadota,Pseudomonadati,FCB group,,,,,,,,
Ignavibacteriae,1134404,cellular organisms,Bacteria,Ignavibacteriota,Pseudomonadati,FCB group,,,,,,,,
Candidatus Gracilibacteria,363464,cellular organisms,Bacteria,Candidatus Gracilibacteria,,Patescibacteria group,,,,,,,,
Kiritimatiellaeota,134625,cellular organisms,Bacteria,Kiritimatiellota,Pseudomonadati,PVC group,,,,,,,,
Chlamydiae,204428,cellular organisms,Bacteria,Chlamydiota,Pseudomonadati,PVC group,,,,,,,,
Lentisphaerae,256845,cellular organisms,Bacteria,Lentisphaerota,Pseudomonadati,PVC group,,,,,,,,
Balneolaeota,,,Bacteria,,,,,'Balneolaeota',,,,,,
Armatimonadetes,67819,cellular organisms,Bacteria,Armatimonadota,Bacillati,,,,,,,,,
Deinococcus-Thermus,1297,cellular organisms,Bacteria,Deinococcota,Thermotogati,,,,,,,,,
Calditrichaeota,1930617,cellular organisms,Bacteria,Calditrichota,Pseudomonadati,,,,,,,,,
Nitrospinae,1293497,cellular organisms,Bacteria,Nitrospinota,Pseudomonadati,Nitrospinota/Tectimicrobiota group,,,,,,,,
Candidatus Omnitrophica,,,Bacteria,,,,,'Candidatus Omnitrophica',,,,,,
Fusobacteria,32066,cellular organisms,Bacteria,Fusobacteriota,Fusobacteriati,,,,,,,,,
Candidatus Aminicenantes,,,Bacteria,,,,,'Candidatus Aminicenantes',,,,,,
Elusimicrobia,641853,cellular organisms,Bacteria,Elusimicrobiota,Pseudomonadati,,Elusimicrobia,,,,,,,
Candidatus Bathyarchaeota,928852,cellular organisms,Archaea,Candidatus Bathyarchaeota,Thermoproteati,,,,,,,,,
Candidatus Marinimicrobia,,,Bacteria,,,,,'Candidatus Marinimicrobia',,,,,,
Chlorobi,1090,cellular organisms,Bacteria,Chlorobiota,Pseudomonadati,FCB group,,,,,,,,
Candidatus Rokubacteria,,,Bacteria,,,,,'Candidatus Rokubacteria',,,,,,
Candidatus Hydrogenedentes,,,Bacteria,,,,,'Candidatus Hydrogenedentes',,,,,,
Candidatus Melainabacteria,1798710,cellular organisms,Bacteria,Candidatus Melainabacteria,Bacillati,Cyanobacteriota/Melainabacteria group,,,,,,,,
candidate division Zixibacteria,1379697,cellular organisms,Bacteria,Candidatus Zixiibacteriota,Pseudomonadati,FCB group,,,,,,,,
Candidatus Dadabacteria,1752716,cellular organisms,Bacteria,Thermodesulfobacteriota,Pseudomonadati,,Candidatus Dadabacteria,,,,,,,
Candidatus Latescibacteria,,,Bacteria,,,,,'Candidatus Latescibacteria',,,,,,
Aquificae,187857,cellular organisms,Bacteria,Aquificota,Pseudomonadati,,Aquificia,,,,,,,
Candidatus Tectomicrobia,,,Bacteria,,,,,'Candidatus Tectomicrobia',,,,,,
Candidatus Cloacimonetes,,,Bacteria,,,,,'Candidatus Cloacimonetes',,,,,,
Synergistetes,508458,cellular organisms,Bacteria,Synergistota,Thermotogati,,,,,,,,,
Deferribacteres,68337,cellular organisms,Bacteria,Deferribacterota,Pseudomonadati,,Deferribacteres,,,,,,,
Thermotogae,188708,cellular organisms,Bacteria,Thermotogota,Thermotogati,,Thermotogae,,,,,,,
Candidatus Kaiserbacteria,1752734,cellular organisms,Bacteria,Candidatus Kaiserbacteria,,Parcubacteria group,,,,,,,,
Chrysiogenetes,,,Bacteria,,,,,'Chrysiogenetes',,,,,,
Candidatus Peregrinibacteria,1619053,cellular organisms,Bacteria,Candidatus Peregrinibacteria,,Bacteria candidate phyla,,,,,,,,
Candidatus Woesebacteria,1752722,cellular organisms,Bacteria,Candidatus Woesebacteria,,Microgenomates group,,,,,,,,
Candidatus Margulisbacteria,,,Bacteria,,,,,'Candidatus Margulisbacteria',,,,,,
candidate division WOR-3,1703755,cellular organisms,Bacteria,candidate division WOR-3,,Bacteria candidate phyla,,,,,,,,
Candidatus Poribacteria,265317,cellular organisms,Bacteria,Candidatus Poribacteria,,Bacteria candidate phyla,,,,,,,,
Candidatus Pacebacteria,,,Bacteria,,,,,'Candidatus Pacebacteria',,,,,,
Candidatus Thorarchaeota,1706441,cellular organisms,Archaea,Candidatus Thorarchaeota,Promethearchaeati,,,,,,,,,
Candidatus Lokiarchaeota,3366641,cellular organisms,Archaea,Promethearchaeota,Promethearchaeati,,,,,,,,,
Candidatus Eisenbacteria,,,Bacteria,,,,,'Candidatus Eisenbacteria',,,,,,
Candidatus Saccharibacteria,95818,cellular organisms,Bacteria,Candidatus Saccharibacteria,,Bacteria candidate phyla,,,,,,,,
Fibrobacteres,65842,cellular organisms,Bacteria,Fibrobacterota,Pseudomonadati,FCB group,,,,,,,,
candidate division NC10,640293,cellular organisms,Bacteria,Candidatus Methylomirabilota,,Bacteria candidate phyla,,,,,,,,
Candidatus Sumerlaeota,200295,cellular organisms,Bacteria,Candidatus Sumerlaeota,,Bacteria candidate phyla,,,,,,,,
Candidatus Nealsonbacteria,,,Bacteria,,,,,'Candidatus Nealsonbacteria',,,,,,
Atribacterota,67818,cellular organisms,Bacteria,Atribacterota,Pseudomonadati,,,,,,,,,
Candidatus Blackallbacteria,2798537,cellular organisms,Bacteria,Candidatus Blackallbacteria,,Bacteria candidate phyla,,,,,,,,
Candidatus Falkowbacteria,1752728,cellular organisms,Bacteria,Candidatus Falkowbacteria,,Parcubacteria group,,,,,,,,
Candidatus Abyssubacteria,2093358,cellular organisms,Bacteria,Candidatus Hydrogenedentota,Pseudomonadati,FCB group,Candidatus Abyssobacteria,,,,,,,
Candidatus Aerophobetes,1052815,cellular organisms,Bacteria,Candidatus Aerophobetes,,Bacteria candidate phyla,,,,,,,,
Candidatus Moranbacteria,,,Bacteria,,,,,'Candidatus Moranbacteria',,,,,,
Candidatus Woesearchaeota,1801616,cellular organisms,Archaea,Candidatus Woesearchaeota,Nanobdellati,,,,,,,,,
Candidatus Heimdallarchaeota,1936272,cellular organisms,Archaea,Candidatus Heimdallarchaeota,Promethearchaeati,,,,,,,,,
Candidatus Roizmanbacteria,1752723,cellular organisms,Bacteria,Candidatus Roizmanbacteria,,Microgenomates group,,,,,,,,
Candidatus Fermentibacteria,,,Bacteria,,,,,'Candidatus Fermentibacteria',,,,,,
Candidatus Parcubacteria,221216,cellular organisms,Bacteria,Candidatus Parcubacteria,,Parcubacteria group,,,,,,,,
Candidatus Aenigmarchaeota,,,Archaea,,,,,'Candidatus Aenigmarchaeota',,,,,,
Candidatus Magasanikbacteria,,,Bacteria,,,,,'Candidatus Magasanikbacteria',,,,,,
Candidatus Bipolaricaulota,67810,cellular organisms,Bacteria,Candidatus Bipolaricaulota,,Bacteria candidate phyla,,,,,,,,
Candidatus Uhrbacteria,1752732,cellular organisms,Bacteria,Candidatus Uhrbacteria,,Parcubacteria group,,,,,,,,
candidate division WWE3,422282,cellular organisms,Bacteria,candidate division WWE3,,Bacteria candidate phyla,,,,,,,,
Candidatus Coatesbacteria,,,Bacteria,,,,,'Candidatus Coatesbacteria',,,,,,
Candidatus Desantisbacteria,1819803,cellular organisms,Bacteria,Candidatus Desantisbacteria,,Bacteria candidate phyla,,,,,,,,
Candidatus Handelsmanbacteria,,,Bacteria,,,,,'Candidatus Handelsmanbacteria',,,,,,
candidate division CPR2,1618339,cellular organisms,Bacteria,candidate division CPR2,,Bacteria candidate phyla,,,,,,,,
Candidatus Absconditabacteria,,,Bacteria,,,,,'Candidatus Absconditabacteria',,,,,,
Candidatus Raymondbacteria,,,Bacteria,,,,,'Candidatus Raymondbacteria',,,,,,
Candidatus Levybacteria,,,Bacteria,,,,,'Candidatus Levybacteria',,,,,,
Candidatus Buchananbacteria,,,Bacteria,,,,,'Candidatus Buchananbacteria',,,,,,
Candidatus Altiarchaeota,,,Archaea,,,,,'Candidatus Altiarchaeota',,,,,,
Candidatus Berkelbacteria,1618330,cellular organisms,Bacteria,Candidatus Berkelbacteria,,Bacteria candidate phyla,,,,,,,,
Candidatus Schekmanbacteria,,,Bacteria,,,,,'Candidatus Schekmanbacteria',,,,,,
Candidatus Kapabacteria,,,Bacteria,,,,,'Candidatus Kapabacteria',,,,,,
Caldiserica,67814,cellular organisms,Bacteria,Caldisericota,Pseudomonadati,Caldisericota/Cryosericota group,,,,,,,,
Candidatus Gottesmanbacteria,1752720,cellular organisms,Bacteria,Candidatus Gottesmanbacteria,,Microgenomates group,,,,,,,,
Candidatus Riflebacteria,,,Bacteria,,,,,'Candidatus Riflebacteria',,,,,,
Candidatus Korarchaeota,28889,cellular organisms,Archaea,Thermoproteota,Thermoproteati,,,,,,,,,
Candidatus Nanohaloarchaeota,,,Archaea,,,,,'Candidatus Nanohaloarchaeota',,,,,,
Candidatus Delongbacteria,,,Bacteria,,,,,'Candidatus Delongbacteria',,,,,,
Candidatus Curtissbacteria,1752717,cellular organisms,Bacteria,Candidatus Curtissbacteria,,Microgenomates group,,,,,,,,
Candidatus Daviesbacteria,1752718,cellular organisms,Bacteria,Candidatus Daviesbacteria,,Microgenomates group,,,,,,,,
Candidatus Nomurabacteria,1752729,cellular organisms,Bacteria,Candidatus Nomurabacteria,,Parcubacteria group,,,,,,,,
Candidatus Odinarchaeota,1936271,cellular organisms,Archaea,Candidatus Odinarchaeota,Promethearchaeati,,,,,,,,,
Candidatus Zambryskibacteria,,,Bacteria,,,,,'Candidatus Zambryskibacteria',,,,,,
Candidatus Kuenenbacteria,1752740,cellular organisms,Bacteria,Candidatus Kuenenbacteria,,Parcubacteria group,,,,,,,,
Candidatus Yanofskybacteria,,,Bacteria,,,,,'Candidatus Yanofskybacteria',,,,,,
Candidatus Lindowbacteria,,,Bacteria,,,,,'Candidatus Lindowbacteria',,,,,,
Candidatus Giovannonibacteria,1752738,cellular organisms,Bacteria,Candidatus Giovannonibacteria,,Parcubacteria group,,,,,,,,
Candidatus Diapherotrites,,,Archaea,,,,,'Candidatus Diapherotrites',,,,,,
Candidatus Shapirobacteria,1752721,cellular organisms,Bacteria,Candidatus Shapirobacteria,,Microgenomates group,,,,,,,,
Candidatus Colwellbacteria,,,Bacteria,,,,,'Candidatus Colwellbacteria',,,,,,
Candidatus Kerfeldbacteria,,,Bacteria,,,,,'Candidatus Kerfeldbacteria',,,,,,
Candidatus Ryanbacteria,,,Bacteria,,,,,'Candidatus Ryanbacteria',,,,,,
Candidatus Staskawiczbacteria,,,Bacteria,,,,,'Candidatus Staskawiczbacteria',,,,,,
Candidatus Terrybacteria,,,Bacteria,,,,,'Candidatus Terrybacteria',,,,,,
Candidatus Wildermuthbacteria,,,Bacteria,,,,,'Candidatus Wildermuthbacteria',,,,,,
Candidatus Goldbacteria,,,Bacteria,,,,,'Candidatus Goldbacteria',,,,,,
Abditibacteriota,2109258,cellular organisms,Bacteria,Abditibacteriota,Pseudomonadati,,,,,,,,,
Candidatus Mcinerneyibacteriota,2703810,cellular organisms,Bacteria,Candidatus Mcinerneyibacteriota,,Bacteria candidate phyla,,,,,,,,
Candidatus Micrarchaeota,1801631,cellular organisms,Archaea,Candidatus Micrarchaeota,Nanobdellati,,,,,,,,,
Candidatus Firestonebacteria,,,Bacteria,,,,,'Candidatus Firestonebacteria',,,,,,
Candidatus Glassbacteria,,,Bacteria,,,,,'Candidatus Glassbacteria',,,,,,
Candidatus Doudnabacteria,,,Bacteria,,,,,'Candidatus Doudnabacteria',,,,,,
Dictyoglomi,68297,cellular organisms,Bacteria,Dictyoglomota,Pseudomonadati,,,,,,,,,
Candidatus Hydrothermae,1130266,cellular organisms,Bacteria,Candidatus Hydrothermota,,Bacteria candidate phyla,,,,,,,,
Candidatus Wolfebacteria,1752735,cellular organisms,Bacteria,Candidatus Wolfebacteria,,Parcubacteria group,,,,,,,,
Candidatus Komeilibacteria,,,Bacteria,,,,,'Candidatus Komeilibacteria',,,,,,
Candidatus Harrisonbacteria,,,Bacteria,,,,,'Candidatus Harrisonbacteria',,,,,,
Candidatus Fischerbacteria,,,Bacteria,,,,,'Candidatus Fischerbacteria',,,,,,
Candidatus Spechtbacteria,,,Bacteria,,,,,'Candidatus Spechtbacteria',,,,,,
Candidatus Verstraetearchaeota,,,Archaea,,,,,'Candidatus Verstraetearchaeota',,,,,,
Candidatus Sungbacteria,,,Bacteria,,,,,'Candidatus Sungbacteria',,,,,,
Candidatus Tagabacteria,,,Bacteria,,,,,'Candidatus Tagabacteria',,,,,,
Candidatus Kryptonia,,,Bacteria,,,,,'Candidatus Kryptonia',,,,,,
Candidatus Dormibacteraeota,,,Bacteria,,,,,'Candidatus Dormibacteraeota',,,,,,
Candidatus Beckwithbacteria,1752726,cellular organisms,Bacteria,Candidatus Beckwithbacteria,,Microgenomates group,,,,,,,,
Candidatus Adlerbacteria,1752736,cellular organisms,Bacteria,Candidatus Adlerbacteria,,Parcubacteria group,,,,,,,,
Candidatus Jorgensenbacteria,1752739,cellular organisms,Bacteria,Candidatus Jorgensenbacteria,,Parcubacteria group,,,,,,,,
Candidatus Azambacteria,1752741,cellular organisms,Bacteria,Candidatus Azambacteria,,Parcubacteria group,,,,,,,,
Candidatus Campbellbacteria,1752727,cellular organisms,Bacteria,Candidatus Campbellbacteria,,Parcubacteria group,,,,,,,,
candidate division CPR3,1618340,cellular organisms,Bacteria,candidate division CPR3,,Bacteria candidate phyla,,,,,,,,
Candidatus Andersenbacteria,,,Bacteria,,,,,'Candidatus Andersenbacteria',,,,,,
Candidatus Woykebacteria,,,Bacteria,,,,,'Candidatus Woykebacteria',,,,,,
Candidatus Wallbacteria,,,Bacteria,,,,,'Candidatus Wallbacteria',,,,,,
Candidatus Liptonbacteria,,,Bacteria,,,,,'Candidatus Liptonbacteria',,,,,,
Candidatus Taylorbacteria,,,Bacteria,,,,,'Candidatus Taylorbacteria',,,,,,
Candidatus Lloydbacteria,,,Bacteria,,,,,'Candidatus Lloydbacteria',,,,,,
Candidatus Niyogibacteria,,,Bacteria,,,,,'Candidatus Niyogibacteria',,,,,,
Candidatus Portnoybacteria,,,Bacteria,,,,,'Candidatus Portnoybacteria',,,,,,
Candidatus Aureabacteria,2093364,cellular organisms,Bacteria,Candidatus Auribacterota,Pseudomonadati,PVC group,,,,,,,,
Candidatus Wirthbacteria,1817926,cellular organisms,Bacteria,Candidatus Wirthbacteria,,Bacteria candidate phyla,,,,,,,,
Candidatus Yonathbacteria,,,Bacteria,,,,,'Candidatus Yonathbacteria',,,,,,
candidate division LCP-89,2576005,cellular organisms,Bacteria,candidate division LCP-89,Pseudomonadati,FCB group,,,,,,,,
Candidatus Cryosericota,2498705,cellular organisms,Bacteria,Candidatus Cryosericota,Pseudomonadati,Caldisericota/Cryosericota group,,,,,,,,
Candidatus Cerribacteria,2301208,cellular organisms,Bacteria,Candidatus Cerribacteria,,Microgenomates group,,,,,,,,
Candidatus Muirbacteria,,,Bacteria,,,,,'Candidatus Muirbacteria',,,,,,
Bacillariophyta,2836,cellular organisms,Eukaryota,Bacillariophyta,,Sar,,,,,,,,
Chlorophyta,3041,cellular organisms,Eukaryota,Chlorophyta,Viridiplantae,,,,,,,,,
Ascomycota,4890,cellular organisms,Eukaryota,Ascomycota,Fungi,Opisthokonta,,,Dikarya,,,,,
Ciliophora,5878,cellular organisms,Eukaryota,Ciliophora,,Sar,,,,,,,,
Oomycota,4762,cellular organisms,Eukaryota,Oomycota,,Sar,,,,,,,,
Basidiomycota,5204,cellular organisms,Eukaryota,Basidiomycota,Fungi,Opisthokonta,,,Dikarya,,,,,
Mucoromycota,1913637,cellular organisms,Eukaryota,Mucoromycota,Fungi,Opisthokonta,,,,,,,,
Chytridiomycota,4761,cellular organisms,Eukaryota,Chytridiomycota,Fungi,Opisthokonta,,,,,,,,
Euglenozoa,33682,cellular organisms,Eukaryota,Euglenozoa,,Discoba,,,,,,,,
Haptophyta,2830,cellular organisms,Eukaryota,Haptophyta,,Haptista,,,,,,,,
Rhodophyta,2763,cellular organisms,Eukaryota,Rhodophyta,,,,,,,,,,
Apicomplexa,5794,cellular organisms,Eukaryota,Apicomplexa,,Sar,,,,,,,,
Evosea,2605435,cellular organisms,Eukaryota,Evosea,,Amoebozoa,,,,,,,,
Microsporidia,6029,cellular organisms,Eukaryota,Microsporidia,Fungi,Opisthokonta,,,,,,,,
Zoopagomycota,1913638,cellular organisms,Eukaryota,Zoopagomycota,Fungi,Opisthokonta,,,,,,,,
Perkinsozoa,2497438,cellular organisms,Eukaryota,Perkinsozoa,,Sar,,,,,,,,
Discosea,555280,cellular organisms,Eukaryota,Discosea,,Amoebozoa,,,,,,,,
Preaxostyla,2662611,cellular organisms,Eukaryota,Preaxostyla,,Metamonada,,,,,,,,
Cryptomycota,1031332,cellular organisms,Eukaryota,Cryptomycota,Fungi,Opisthokonta,,,,,,,,
Endomyxa,2604748,cellular organisms,Eukaryota,Endomyxa,,Sar,,,,,,,,
Fornicata,207245,cellular organisms,Eukaryota,Fornicata,,Metamonada,,,,,,,,
Heterolobosea,5752,cellular organisms,Eukaryota,Heterolobosea,,Discoba,,,,,,,,
Blastocladiomycota,451459,cellular organisms,Eukaryota,Blastocladiomycota,Fungi,Opisthokonta,,,,,,,,
Foraminifera,29178,cellular organisms,Eukaryota,Foraminifera,,Sar,,,,,,,,
Cercozoa,136419,cellular organisms,Eukaryota,Cercozoa,,Sar,,,,,,,,
Parabasalia,5719,cellular organisms,Eukaryota,Parabasalia,,Metamonada,,,,,,,,
Imbricatea,1736114,cellular organisms,Eukaryota,Cercozoa,,Sar,Imbricatea,,,,,,,
Olpidiomycota,2202805,cellular organisms,Eukaryota,Olpidiomycota,Fungi,Opisthokonta,,,,,,,,
Tubulinea,555369,cellular organisms,Eukaryota,Tubulinea,,Amoebozoa,,,,,,,,
Caudovirales,,,Viruses,,,,,'Caudovirales',,,,,,
Dinodnavirus,1232647,root,Viruses,,,,,,,Dinodnavirus,,,,
Phycodnaviridae,10501,root,Viruses,Nucleocytoviricota,Bamfordvirae,Varidnaviria,Megaviricetes,,,,Phycodnaviridae,Algavirales,,
Mimiviridae,549779,root,Viruses,Nucleocytoviricota,Bamfordvirae,Varidnaviria,Megaviricetes,,,,Mimiviridae,Imitervirales,,
Actinomycetota,201174,cellular organisms,Bacteria,Actinomycetota,Bacillati,,,,,,,,,
Annelida,6340,cellular organisms,Eukaryota,Annelida,Metazoa,Spiralia,,,,,,,,
Arthropoda,6656,cellular organisms,Eukaryota,Arthropoda,Metazoa,Ecdysozoa,,,,,,,,
Bacillota,1239,cellular organisms,Bacteria,Bacillota,Bacillati,,,,,,,,,
Balneolota,1936987,cellular organisms,Bacteria,Balneolota,Pseudomonadati,FCB group,,,,,,,,
Chlamydiota,204428,cellular organisms,Bacteria,Chlamydiota,Pseudomonadati,PVC group,,,,,,,,
Chlorobiota,1090,cellular organisms,Bacteria,Chlorobiota,Pseudomonadati,FCB group,,,,,,,,
Cnidaria,6073,cellular organisms,Eukaryota,Cnidaria,Metazoa,Opisthokonta,,,,,,,,
Cyanobacteriota,1117,cellular organisms,Bacteria,Cyanobacteriota,Bacillati,Cyanobacteriota/Melainabacteria group,,,,,,,,
Gastrotricha,33313,cellular organisms,Eukaryota,Gastrotricha,Metazoa,Spiralia,,,,,,,,
Methanobacteriota,28890,cellular organisms,Archaea,Methanobacteriota,Methanobacteriati,,,,,,,,,
Mollusca,6447,cellular organisms,Eukaryota,Mollusca,Metazoa,Spiralia,,,,,,,,
Mycoplasmatota,544448,cellular organisms,Bacteria,Mycoplasmatota,Bacillati,,,,,,,,,
Nematoda,6231,cellular organisms,Eukaryota,Nematoda,Metazoa,Ecdysozoa,,,,,,,,
Nemertea,6217,cellular organisms,Eukaryota,Nemertea,Metazoa,Spiralia,,,,,,,,
Nibbleridia,3004207,cellular organisms,Eukaryota,Nibbleridia,,Provora,,,,,,,,
Platyhelminthes,6157,cellular organisms,Eukaryota,Platyhelminthes,Metazoa,Spiralia,,,,,,,,
Pseudomonadota,1224,cellular organisms,Bacteria,Pseudomonadota,Pseudomonadati,,,,,,,,,
Rhodothermota,1853220,cellular organisms,Bacteria,Rhodothermota,Pseudomonadati,FCB group,,,,,,,,
Rotifera,10190,cellular organisms,Eukaryota,Rotifera,Metazoa,Gnathifera,,,,,,,,
Streptophyta,35493,cellular organisms,Eukaryota,Streptophyta,Viridiplantae,,,,,,,,,
Thermodesulfobacteriota,200940,cellular organisms,Bacteria,Thermodesulfobacteriota,Pseudomonadati,,,,,,,,,
Uroviricota,2731618,root,Viruses,Uroviricota,Heunggongvirae,Duplodnaviria,,,,,,,,
SAR,2698737,cellular organisms,Eukaryota,,,Sar,,,,,,,,
Saccharibacteria,95818,cellular organisms,Bacteria,Candidatus Saccharibacteria,,Bacteria candidate phyla,,,,,,,,
Chordata,7711,cellular organisms,Eukaryota,Chordata,Metazoa,Deuterostomia,,,,,,,,
Amoebozoa,554915,cellular organisms,Eukaryota,,,Amoebozoa,,,,,,,,
Xenacoelomorpha,1312402,cellular organisms,Eukaryota,Xenacoelomorpha,Metazoa,Bilateria,,,,,,,,
Archaeplastida,,,Eukaryota,,,,,'Archaeplastida',,,,,,
Candidatus Collierbacteria,1752725,cellular organisms,Bacteria,Candidatus Collierbacteria,,Microgenomates group,,,,,,,,
Bathyarchaeota,928852,cellular organisms,Archaea,Candidatus Bathyarchaeota,Thermoproteati,,,,,,,,,
Choanoflagellida,28009,cellular organisms,Eukaryota,,,Opisthokonta,Choanoflagellata,,,,,,,
Metazoa (Animalia),,,Eukaryota,,,,,'Metazoa (Animalia)',,,,,,
Microgenomates,67820,cellular organisms,Bacteria,Candidatus Microgenomates,,Microgenomates group,,,,,,,,
Thermoproteota,28889,cellular organisms,Archaea,Thermoproteota,Thermoproteati,,,,,,,,,
Nitrososphaerota,651137,cellular organisms,Archaea,Nitrososphaerota,Thermoproteati,,,,,,,,,
Lokiarchaeota,3366641,cellular organisms,Archaea,Promethearchaeota,Promethearchaeati,,,,,,,,,
Priapulida,33467,cellular organisms,Eukaryota,Priapulida,Metazoa,Ecdysozoa,,,,,,,Scalidophora,
Centrohelida,193537,cellular organisms,Eukaryota,,,Haptista,Centroplasthelida,,,,,,,
Discicristoidea,,,Eukaryota,,,,,'Discicristoidea',,,,,,
Excavata,,,Eukaryota,,,,,'Excavata',,,,,,
Spirochaetae,203691,cellular organisms,Bacteria,Spirochaetota,Pseudomonadati,,,,,,,,,
Woesearchaeota (DHVEG-6),,,Archaea,,,,,'Woesearchaeota (DHVEG-6)',,,,,,
Parcubacteria,221216,cellular organisms,Bacteria,Candidatus Parcubacteria,,Parcubacteria group,,,,,,,,
DH147-EKD10,,,Eukaryota,,,,,'DH147-EKD10',,,,,,
LKM15,,,Eukaryota,,,,,'LKM15',,,,,,
Dinoflagellata,2864,cellular organisms,Eukaryota,,,Sar,Dinophyceae,,,,,,,
Lentisphaerota,256845,cellular organisms,Bacteria,Lentisphaerota,Pseudomonadati,PVC group,,,,,,,,
Gracilibacteria,363464,cellular organisms,Bacteria,Candidatus Gracilibacteria,,Patescibacteria group,,,,,,,,
Phoronida,120557,cellular organisms,Eukaryota,Phoronida,Metazoa,Spiralia,,,,,,,,
Kiritimatiellota,134625,cellular organisms,Bacteria,Kiritimatiellota,Pseudomonadati,PVC group,,,,,,,,
Omnitrophica,,,Bacteria,,,,,'Omnitrophica',,,,,,
Candidatus Hydrogenedentota,142187,cellular organisms,Bacteria,Candidatus Hydrogenedentota,Pseudomonadati,FCB group,,,,,,,,
WWE3,,,Bacteria,,,,,'WWE3',,,,,,
Sva0485,,,Bacteria,,,,,'Sva0485',,,,,,
SR1 (Absconditabacteria),,,Bacteria,,,,,'SR1 (Absconditabacteria)',,,,,,
Aminicenantes,,,Bacteria,,,,,'Aminicenantes',,,,,,
Porifera,6040,cellular organisms,Eukaryota,Porifera,Metazoa,Opisthokonta,,,,,,,,
Candidatus Latescibacterota,74015,cellular organisms,Bacteria,Candidatus Latescibacterota,Pseudomonadati,FCB group,,,,,,,,
NB1-j,,,Bacteria,,,,,'NB1-j',,,,,,
WS6,,,Bacteria,,,,,'WS6',,,,,,
GAL15,,,Bacteria,,,,,'GAL15',,,,,,
Marine Benthic Group E,,,Archaea,,,,,'Marine Benthic Group E',,,,,,
Acanthocephala,10232,cellular organisms,Eukaryota,Acanthocephala,Metazoa,Spiralia,,,,,,,,
Peregrinibacteria,1619053,cellular organisms,Bacteria,Candidatus Peregrinibacteria,,Bacteria candidate phyla,,,,,,,,
WSA2,,,Archaea,,,,,'WSA2',,,,,,
Filasterea,2687318,cellular organisms,Eukaryota,,,Opisthokonta,Filasterea,,,,,,,
Ichthyosporea,127916,cellular organisms,Eukaryota,,,Opisthokonta,Ichthyosporea,,,,,,,
Bryozoa,10205,cellular organisms,Eukaryota,Bryozoa,Metazoa,Spiralia,,,,,,,,
Cryptophyceae,3027,cellular organisms,Eukaryota,,,,Cryptophyceae,,,,,,,
Palpitomonas,759891,Eukaryota incertae sedis,Eukaryota,,,,,,,Palpitomonas,,,,
SBR1093,,,Bacteria,,,,,'SBR1093',,,,,,
TM6 (Dependentiae),,,Bacteria,,,,,'TM6 (Dependentiae)',,,,,,
SAR324 clade(Marine group B),,,Bacteria,,,,,'SAR324 clade(Marine group B)',,,,,,
Candidatus Omnitrophota,67812,cellular organisms,Bacteria,Candidatus Omnitrophota,Pseudomonadati,PVC group,,,,,,,,
Aerophobetes,1052815,cellular organisms,Bacteria,Candidatus Aerophobetes,,Bacteria candidate phyla,,,,,,,,
Hadesarchaea,1775750,cellular organisms,Archaea,Candidatus Hadarchaeota,,,Candidatus Hadarchaeia,,,,,,,
Aigarchaeota,,,Archaea,,,,,'Aigarchaeota',,,,,,
Latescibacteria,,,Bacteria,,,,,'Latescibacteria',,,,,,
Ignavibacteriota,1134404,cellular organisms,Bacteria,Ignavibacteriota,Pseudomonadati,FCB group,,,,,,,,
Marinimicrobia (SAR406 clade),,,Bacteria,,,,,'Marinimicrobia (SAR406 clade)',,,,,,
Marine Hydrothermal Vent Group(MHVG),,,Bacteria,,,,,'Marine Hydrothermal Vent Group(MHVG)',,,,,,
Acetothermia,67810,cellular organisms,Bacteria,Candidatus Bipolaricaulota,,Bacteria candidate phyla,,,,,,,,
KSB3 (Modulibacteria),,,Bacteria,,,,,'KSB3 (Modulibacteria)',,,,,,
RBG-1 (Zixibacteria),,,Bacteria,,,,,'RBG-1 (Zixibacteria)',,,,,,
Diapherotrites,,,Archaea,,,,,'Diapherotrites',,,,,,
Tardigrada,42241,cellular organisms,Eukaryota,Tardigrada,Metazoa,Ecdysozoa,,,,,,,,
Atribacteria,2847774,cellular organisms,Bacteria,Atribacterota,Pseudomonadati,,Atribacteria,,,,,,,
Thermomicrobiota,3027942,cellular organisms,Bacteria,Thermomicrobiota,Pseudomonadati,,,,,,,,,
Nanobdellota,192989,cellular organisms,Archaea,Nanobdellota,Nanobdellati,,,,,,,,,
RCP2-54,,,Bacteria,,,,,'RCP2-54',,,,,,
Marine Hydrothermal Vent Group 1(MHVG-1),,,Bacteria,,,,,'Marine Hydrothermal Vent Group 1(MHVG-1)',,,,,,
Cloacimonetes,,,Bacteria,,,,,'Cloacimonetes',,,,,,
Echinodermata,7586,cellular organisms,Eukaryota,Echinodermata,Metazoa,Deuterostomia,,,,,,,,
Hemichordata,10219,cellular organisms,Eukaryota,Hemichordata,Metazoa,Deuterostomia,,,,,,,,
Miscellaneous Euryarchaeotic Group(MEG),,,Archaea,,,,,'Miscellaneous Euryarchaeotic Group(MEG)',,,,,,
Candidatus Aminicenantota,67817,cellular organisms,Bacteria,Candidatus Aminicenantota,,Bacteria candidate phyla,,,,,,,,
PAUC34f,,,Bacteria,,,,,'PAUC34f',,,,,,
AC1,,,Bacteria,,,,,'AC1',,,,,,
MAST-12,,,Eukaryota,,,,,'MAST-12',,,,,,
LCP-89,,,Bacteria,,,,,'LCP-89',,,,,,
BJ-169,,,Bacteria,,,,,'BJ-169',,,,,,
WPS-2,,,Bacteria,,,,,'WPS-2',,,,,,
Breviatea,1401294,cellular organisms,Eukaryota,,,,Breviatea,,,,,,,
Hydrogenedentes,,,Bacteria,,,,,'Hydrogenedentes',,,,,,
Apusomonadidae,172820,cellular organisms,Eukaryota,,,Apusozoa,,,,,Apusomonadidae,Apusomonadida,,
BRC1,,,Bacteria,,,,,'BRC1',,,,,,
Picozoa,419944,Eukaryota incertae sedis,Eukaryota,Picozoa,,,,,,,,,,
FBP,,,Bacteria,,,,,'FBP',,,,,,
D4P07G08,,,Eukaryota,,,,,'D4P07G08',,,,,,
Candidatus Parvarchaeota,1462422,cellular organisms,Archaea,Candidatus Parvarchaeota,Nanobdellati,,,,,,,,,
Candidatus Calescamantes,1052197,cellular organisms,Bacteria,Candidatus Calescamantes,,Bacteria candidate phyla,,,,,,,,
AK8,,,Bacteria,,,,,'AK8',,,,,,
Opalinata,42740,cellular organisms,Eukaryota,,,Sar,Bigyra,,,,,Opalinata,,
Candidate division YNPFFA,1050716,cellular organisms,Archaea,Thermoproteota,Thermoproteati,candidate division YNPFFA,,,,,,,,
Orthonectida,33209,cellular organisms,Eukaryota,Orthonectida,Metazoa,Mesozoa,,,,,,,,
CPR2,,,Bacteria,,,,,'CPR2',,,,,,
Brachiopoda,7568,cellular organisms,Eukaryota,Brachiopoda,Metazoa,Spiralia,,,,,,,,
Candidatus Moduliflexota,3071909,cellular organisms,Bacteria,Candidatus Moduliflexota,,,,,,,,,,
Candidatus Methylomirabilota,640293,cellular organisms,Bacteria,Candidatus Methylomirabilota,,Bacteria candidate phyla,,,,,,,,
WS2,,,Bacteria,,,,,'WS2',,,,,,
Candidatus Magasanikiibacteriota,1752731,cellular organisms,Bacteria,Candidatus Magasanikiibacteriota,,Parcubacteria group,,,,,,,,
WS1,,,Bacteria,,,,,'WS1',,,,,,
Telonema,232264,Eukaryota incertae sedis,Eukaryota,,,,,,,Telonema,,Telonemida,,
Chaetognatha,10229,cellular organisms,Eukaryota,Chaetognatha,Metazoa,Gnathifera,,,,,,,,
Ancyromonadida,2686027,cellular organisms,Eukaryota,,,,,,,,,Ancyromonadida,,
Candidatus Cloacimonadota,456828,cellular organisms,Bacteria,Candidatus Cloacimonadota,Pseudomonadati,FCB group,,,,,,,,
Neocallimastigomycota,451455,Chytridiomycota incertae sedis,Eukaryota,Chytridiomycota,Fungi,Opisthokonta,Neocallimastigomycetes,,,,,,,
WA-aaa01f12,,,,,,,,'WA-aaa01f12',,,,,,
Loricifera,310840,cellular organisms,Eukaryota,Loricifera,Metazoa,Ecdysozoa,,,,,,,Scalidophora,
Kickxellomycotina,451828,cellular organisms,Eukaryota,Zoopagomycota,Fungi,Opisthokonta,,,,,,,,Kickxellomycotina
Candidatus Rokuibacteriota,1752708,cellular organisms,Bacteria,Candidatus Rokuibacteriota,,Bacteria candidate phyla,,,,,,,,
Ancient Archaeal Group(AAG),,,Archaea,,,,,'Ancient Archaeal Group(AAG)',,,,,,
Candidatus Moraniibacteriota,1752737,cellular organisms,Bacteria,Candidatus Moraniibacteriota,,Parcubacteria group,,,,,,,,
MSBL1,,,Archaea,,,,,'MSBL1',,,,,,
Prasinodermophyta,2806169,cellular organisms,Eukaryota,Prasinodermophyta,Viridiplantae,,,,,,,,,
Bicosoecida,33651,cellular organisms,Eukaryota,,,Sar,Bigyra,,,,,Bicosoecida,,
Holozoa,,,Eukaryota,,,,,'Holozoa',,,,,,
Gnathostomulida,66780,cellular organisms,Eukaryota,Gnathostomulida,Metazoa,Gnathifera,,,,,,,,
Nematomorpha,33310,cellular organisms,Eukaryota,Nematomorpha,Metazoa,Ecdysozoa,,,,,,,,
Halobacteriota,3100166,cellular organisms,Archaea,Halobacteriota,Methanobacteriati,,,,,,,,,
Onychophora,27563,cellular organisms,Eukaryota,Onychophora,Metazoa,Ecdysozoa,,,,,,,,
MD2896-B216,,,Archaea,,,,,'MD2896-B216',,,,,,
Fervidibacteria,,,Bacteria,,,,,'Fervidibacteria',,,,,,
unidentified archaeon   ,,,Archaea,,,,,'unidentified archaeon   ',,,,,,
Parvarchaeota,1462422,cellular organisms,Archaea,Candidatus Parvarchaeota,Nanobdellati,,,,,,,,,
Altiarchaeales,,,Archaea,,,,,'Altiarchaeales',,,,,,
GN01,,,Bacteria,,,,,'GN01',,,,,,
RsaHf231,,,Bacteria,,,,,'RsaHf231',,,,,,
Entomophthoromycota,1264859,cellular organisms,Eukaryota,Zoopagomycota,Fungi,Opisthokonta,,,,,,,,Entomophthoromycotina
NAMAKO-1,,,,,,,,'NAMAKO-1',,,,,,
Ochrophyta,2696291,cellular organisms,Eukaryota,,,Sar,,,,,,,,
Candidatus Kapaibacteriota,3349921,cellular organisms,Bacteria,Candidatus Kapaibacteriota,Pseudomonadati,FCB group,,,,,,,,
Candidatus Paceibacterota,1752724,cellular organisms,Bacteria,Candidatus Paceibacterota,,Microgenomates group,,,,,,,,
Zoopagomycotina,451827,cellular organisms,Eukaryota,Zoopagomycota,Fungi,Opisthokonta,,,,,,,,Zoopagomycotina
Candidatus Amesbacteria,1752730,cellular organisms,Bacteria,Candidatus Amesbacteria,,Microgenomates group,,,,,,,,
